"f_4666-2","vtkValidPointMask","arc_length","Points:0","Points:1","Points:2"
1.0684,1,0,0,0.019488,0
1.0635,1,0.1,0.1,0.019488,0
1.0463,1,0.2,0.2,0.019488,0
1.0213,1,0.3,0.3,0.019488,0
0.97055,1,0.4,0.4,0.019488,0
0.90931,1,0.5,0.5,0.019488,0
0.77536,1,0.6,0.6,0.019488,0
0.62044,1,0.7,0.7,0.019488,0
0.46822,1,0.8,0.8,0.019488,0
0.24685,1,0.9,0.9,0.019488,0
0.050988,1,1,1,0.019488,0
